,EDA,rise_time,max_deriv,amp,decay_time,SCR_width,peak_end_times_stamp,AUC
2022-08-26 01:01:22.625,0.14032250000000002,3.375,0.031715324014894186,0.021144500000000024,0.375,2.375,1661475683.0,0.05021818750000006
2022-08-26 01:03:22.750,0.139682,1.5,0.07230602904419015,0.028192999999999996,,,1661475804.75,
2022-08-26 01:16:13.750,0.19606700000000002,3.25,0.05038003645478173,0.04869600000000002,,,1661476574.25,
2022-08-26 01:16:25.375,0.3914935,3.375,0.07935670229661529,0.08521849999999997,,,1661476586.0,
2022-08-26 01:16:44.000,0.621787,1.75,0.15129614015311788,0.12302200000000002,1.5,2.875,1661476605.5,0.35368825000000004
2022-08-26 01:16:52.750,0.862707,2.125,0.2243728114244954,0.18261249999999996,,,1661476615.875,
2022-08-26 01:16:57.250,0.96145,1.375,0.3050441068376504,0.1346250000000001,0.875,2.0,1661476618.125,0.2692500000000002
2022-08-26 01:17:07.875,1.158799,1.625,0.3491040527915068,0.24732699999999996,0.375,1.625,1661476628.25,0.4019063749999999
2022-08-26 01:17:13.875,1.265803,2.0,0.2518572443608189,0.22426000000000013,1.25,2.625,1661476635.125,0.5886825000000003
2022-08-26 01:17:18.375,1.457385,1.625,0.5055640593118138,0.3998229999999998,0.875,2.125,1661476639.25,0.8496238749999996
2022-08-26 01:17:23.250,1.433136,2.25,0.34236721975433504,0.3447199999999999,1.25,2.625,1661476644.5,0.9048899999999998
2022-08-26 01:17:33.875,1.584351,1.875,0.205592553632842,0.178126,0.75,2.25,1661476654.625,0.4007835
2022-08-26 01:17:42.625,1.7554295,1.625,0.3828813502998152,0.2876934999999998,2.375,3.75,1661476665.0,1.0788506249999994
2022-08-26 01:17:48.250,1.867559,1.375,0.4640031568089267,0.2806445000000002,0.875,2.0,1661476669.125,0.5612890000000004
2022-08-26 01:18:19.125,1.9356775,1.625,0.5790032822229634,0.44743749999999993,1.375,2.625,1661476700.5,1.1745234374999998
2022-08-26 01:18:24.375,1.7357655,1.375,0.3636290708221992,0.19222249999999996,0.875,2.0,1661476705.25,0.3844449999999999
2022-08-26 01:18:29.375,2.0574185,2.75,0.3437483431655277,0.35304899999999995,1.25,2.625,1661476710.625,0.9267536249999999
2022-08-26 01:18:32.250,2.066389,1.0,0.3718166272079415,0.05510400000000004,0.625,1.625,1661476712.875,0.08954400000000007
2022-08-26 01:18:36.125,2.104193,1.25,0.5317038975408348,0.242842,1.125,2.25,1661476717.25,0.5463945
2022-08-26 01:18:40.625,2.1580155,1.375,0.4946557481702456,0.25821950000000005,0.75,2.0,1661476721.375,0.5164390000000001
2022-08-26 01:18:48.875,1.971559,1.5,0.5352872745533563,0.3133235000000001,0.625,1.875,1661476729.5,0.5874815625000002
2022-08-26 01:18:53.625,2.018974,1.5,0.5172282708630451,0.3370310000000001,1.625,2.875,1661476735.25,0.9689641250000003
2022-08-26 01:18:58.125,1.867759,1.375,0.21282958558845344,0.12686700000000006,,,1661476739.125,
2022-08-26 01:19:00.250,2.0792040000000003,1.125,0.39992378304265586,0.13968200000000008,0.75,1.75,1661476741.0,0.24444350000000015
2022-08-26 01:19:13.875,1.6050545,2.375,0.0835132546433961,0.06535650000000004,2.75,4.875,1661476756.625,0.3186129375000002
2022-08-26 01:19:25.250,1.888263,2.375,0.16379601844599279,0.18966050000000023,,,1661476768.25,
2022-08-26 01:19:29.875,2.0529335,1.625,0.31409318770357864,0.2210565,0.875,2.125,1661476770.75,0.4697450625
2022-08-26 01:19:34.375,2.535567,1.625,0.9304826998932718,0.6191119999999999,1.625,2.875,1661476776.0,1.7799469999999997
2022-08-26 01:19:40.750,2.541334,1.625,0.7025463180820779,0.5081090000000001,1.25,2.5,1661476782.0,1.2702725000000004
2022-08-26 01:19:45.875,2.4990449999999997,2.25,0.2669799955928127,0.3274195,0.625,2.5,1661476786.5,0.8185487499999999
2022-08-26 01:20:06.250,2.154811,1.75,0.30564508172347615,0.2729560000000002,1.625,2.875,1661476807.875,0.7847485000000005
2022-08-26 01:20:25.875,1.9414440000000002,2.0,0.18203482305568208,0.13519650000000016,2.5,3.625,1661476828.375,0.4900873125000006
2022-08-26 01:20:33.500,1.933114,2.0,0.07019163919809301,0.06151100000000009,1.375,3.0,1661476834.875,0.18453300000000028
2022-08-26 01:20:46.875,2.1189295,2.625,0.23604384911405418,0.32934149999999995,2.625,4.5,1661476849.5,1.4820367499999998
2022-08-26 01:21:23.500,2.04973,1.875,0.13747728346616483,0.05958949999999974,0.25,2.0,1661476883.75,0.11917899999999948
2022-08-26 01:21:40.250,2.9992520000000003,2.0,0.5190132866269472,0.4912369999999999,1.125,2.75,1661476901.375,1.3509017499999998
2022-08-26 01:21:53.750,2.272222,3.0,0.05706646580654606,0.11148900000000017,,,1661476914.75,
2022-08-26 01:22:04.375,2.8506,2.875,0.144900595953807,0.5630000000000002,,,1661476925.75,
2022-08-26 01:22:07.375,3.201086,1.625,0.5569231666596224,0.342797,1.0,2.375,1661476928.375,0.814142875
2022-08-26 01:22:18.375,3.5910245000000005,3.375,0.9143766658559827,0.9428995000000007,1.875,3.375,1661476940.25,3.182285812500002
2022-08-26 01:22:25.625,3.168408,2.0,0.24767660108063794,0.23451149999999954,0.375,2.125,1661476946.0,0.498336937499999
2022-08-26 01:22:50.875,2.7828939999999998,2.625,0.3291081819203505,0.38636800000000004,,,1661476972.875,
2022-08-26 01:22:54.750,3.597432,1.875,0.9162266767268399,0.8113344999999996,,,1661476976.25,
2022-08-26 01:22:57.625,3.7697909999999997,1.375,0.58058168173309,0.19670699999999997,0.5,1.75,1661476978.125,0.34423724999999994
2022-08-26 01:23:08.000,3.588461,2.125,0.4401264733464423,0.3985415000000003,0.75,2.5,1661476988.75,0.9963537500000008
2022-08-26 01:23:14.750,3.8601360000000002,1.75,1.1726921105185646,0.9505880000000002,1.375,2.625,1661476996.125,2.4952935000000007
2022-08-26 01:23:19.875,3.3411345,1.25,0.49834333575394396,0.24732649999999978,0.875,1.875,1661477000.75,0.4637371874999996
2022-08-26 01:23:24.875,2.960167,1.25,0.13463784621168884,0.05574500000000038,0.5,1.625,1661477005.375,0.09058562500000061
2022-08-26 01:23:36.625,3.5846165,2.125,0.8654533618687381,0.8083435000000003,1.375,3.0,1661477018.0,2.425030500000001
2022-08-26 01:23:41.250,3.407772,1.5,0.5116545929362957,0.33446799999999977,1.0,2.25,1661477022.25,0.7525529999999995
2022-08-26 01:23:45.000,3.424431,1.375,0.5802339085196238,0.18965949999999987,0.5,1.75,1661477025.5,0.3319041249999998
2022-08-26 01:23:48.875,3.3545905000000005,1.5,0.4014673283759862,0.11084900000000086,0.25,1.625,1661477029.125,0.1801296250000014
2022-08-26 01:23:53.750,3.530795,1.625,0.9488608440453419,0.6270134999999999,1.125,2.375,1661477034.875,1.4891570624999997
2022-08-26 01:23:58.250,3.223512,1.5,0.47627074444576323,0.28064500000000026,0.625,2.0,1661477038.875,0.5612900000000005
2022-08-26 01:24:02.375,3.364475,1.375,0.7148168068062724,0.447238,0.75,1.875,1661477043.125,0.83857125
2022-08-26 01:24:14.000,3.393676,1.375,0.6786977657345048,0.2438495000000005,0.75,2.0,1661477054.75,0.487699000000001
2022-08-26 01:24:18.875,3.0569185,1.5,0.4658347417855566,0.3120415000000003,0.875,2.0,1661477059.75,0.6240830000000006
2022-08-26 01:24:22.625,2.9800294999999997,1.25,0.36978295900683733,0.13904099999999975,0.625,1.75,1661477063.25,0.24332174999999956
2022-08-26 01:24:30.000,3.019756,1.375,0.4388736650448912,0.19606749999999984,0.5,1.75,1661477070.5,0.3431181249999997
2022-08-26 01:24:33.750,2.725014,1.0,0.5416679015397321,0.12045999999999957,0.5,1.5,1661477074.25,0.18068999999999935
2022-08-26 01:24:37.500,3.0171930000000002,1.375,0.6825873807267513,0.25757850000000015,0.5,1.75,1661477078.0,0.45076237500000027
2022-08-26 01:24:42.000,2.684007,1.0,0.4037306059924113,0.07304500000000003,0.25,1.125,1661477082.25,0.08217562500000003
2022-08-26 01:24:47.000,2.4875119999999997,1.625,0.34569977525758944,0.25821950000000005,2.875,4.125,1661477089.875,1.0651554375
2022-08-26 01:24:53.250,2.464445,1.5,1.2628961614963607,0.2173670000000003,2.25,3.625,1661477095.5,0.7879553750000011
2022-08-26 01:24:57.875,2.4067784999999997,1.5,0.17465476283849313,0.049978499999999926,0.375,1.75,1661477098.25,0.08746237499999987
2022-08-26 01:25:02.500,2.818135,1.5,0.7931074273886622,0.5254089999999998,1.0,2.125,1661477103.5,1.1164941249999996
2022-08-26 01:25:07.000,2.565682,1.125,0.550800862432272,0.18261150000000015,0.5,1.5,1661477107.5,0.2739172500000002
2022-08-26 01:25:10.875,2.5797784999999998,1.25,0.4124886175965514,0.17171899999999996,0.5,1.625,1661477111.375,0.2790433749999999
2022-08-26 01:25:19.750,2.473415,3.125,0.31064463166990564,0.37419350000000007,1.625,4.25,1661477121.375,1.5903223750000004
2022-08-26 01:25:26.375,2.7393235000000002,1.625,0.7621354585287996,0.47222750000000024,0.75,2.125,1661477127.125,1.0034834375000006
2022-08-26 01:25:31.000,2.522112,1.5,0.5018720995704982,0.31011999999999995,0.75,2.0,1661477131.75,0.6202399999999999
2022-08-26 01:25:36.125,2.4151075000000004,1.25,0.616225600613042,0.3216530000000004,1.125,2.125,1661477137.25,0.6835126250000009
2022-08-26 01:25:40.750,2.336296,1.75,0.2670614958363551,0.21016299999999966,0.625,2.0,1661477141.375,0.4203259999999993
2022-08-26 01:25:44.750,2.399089,1.5,0.39449939358080144,0.2473270000000003,0.75,2.0,1661477145.5,0.4946540000000006
2022-08-26 01:25:48.375,2.2600480000000003,1.5,0.18347800112813317,0.08842250000000007,0.375,1.625,1661477148.75,0.14368656250000011
2022-08-26 01:25:51.875,2.5592745,1.375,0.6702792144293781,0.34728249999999994,1.0,2.125,1661477152.875,0.7379753124999999
2022-08-26 01:25:57.250,2.320919,1.75,0.3816085416098467,0.28064599999999995,1.25,2.5,1661477158.5,0.7016149999999999
2022-08-26 01:26:01.500,2.2876,1.875,0.3474632002663256,0.12302249999999981,0.5,2.0,1661477162.0,0.24604499999999963
2022-08-26 01:26:05.875,2.3568005000000003,1.875,0.4138218279533312,0.27936450000000024,1.375,2.625,1661477167.25,0.7333318125000006
2022-08-26 01:26:10.250,2.4119040000000003,1.625,0.38830756110250775,0.19927099999999998,0.75,2.125,1661477171.0,0.42345087499999995
2022-08-26 01:26:14.875,2.456115,1.625,0.4659318843307396,0.313323,0.875,2.125,1661477175.75,0.6658113750000001
2022-08-26 01:26:19.625,2.3491109999999997,1.75,0.34519837478632454,0.23066750000000003,0.75,2.25,1661477180.375,0.5190018750000001
2022-08-26 01:26:25.875,2.4029335,1.5,0.3689595137215633,0.2422010000000001,1.875,3.0,1661477187.75,0.7266030000000003
2022-08-26 01:26:35.750,2.445223,1.875,0.5551441237742445,0.3985425,1.0,2.25,1661477196.75,0.896720625
2022-08-26 01:26:44.125,2.429204,1.5,0.5040452805331554,0.32165299999999997,0.75,2.0,1661477204.875,0.6433059999999999
2022-08-26 01:26:48.375,2.277348,1.75,0.22229196796345008,0.15441899999999986,1.125,2.625,1661477209.5,0.40534987499999964
2022-08-26 01:26:53.500,2.3965259999999997,1.75,0.3589673033132783,0.2627039999999994,0.625,2.0,1661477214.125,0.5254079999999988
2022-08-26 01:26:57.625,2.4612415,1.5,0.5549506440309848,0.36778699999999986,1.25,2.375,1661477218.875,0.8734941249999997
2022-08-26 01:27:03.000,2.40806,1.625,0.4568040350338194,0.31780849999999994,1.375,2.625,1661477224.375,0.8342473124999998
2022-08-26 01:27:08.250,2.383711,1.5,0.4100026293276713,0.2178519999999997,0.875,2.125,1661477229.125,0.4629354999999994
2022-08-26 01:27:12.625,2.2805515000000005,1.75,0.18134251170464566,0.1435260000000005,0.875,2.375,1661477233.5,0.34087425000000116
2022-08-26 01:27:17.875,2.247874,1.5,0.1560193973930737,0.08201550000000024,0.875,2.0,1661477238.75,0.16403100000000048
2022-08-26 01:27:24.250,2.490075,1.375,0.39615724369884475,0.1191785000000003,0.5,1.75,1661477244.75,0.20856237500000052
2022-08-26 01:27:28.375,2.5746525,1.375,0.566701514995053,0.2780825,1.375,2.625,1661477249.75,0.7299665625
2022-08-26 01:27:33.000,2.604127,1.375,0.5361016288627845,0.3248570000000002,2.0,3.125,1661477255.0,1.0151781250000005
2022-08-26 01:27:42.250,2.311948,1.375,0.2741610027736101,0.09354849999999981,0.625,1.875,1661477262.875,0.17540343749999965
2022-08-26 01:28:01.625,2.509297,1.5,0.44824889657687095,0.2787230000000003,0.75,2.0,1661477282.375,0.5574460000000006
2022-08-26 01:28:12.125,2.1293360000000003,1.75,0.07020654392388792,0.04741450000000036,0.625,2.0,1661477292.75,0.09482900000000072
2022-08-26 01:28:15.375,2.4964820000000003,1.625,0.4999813940363005,0.35881600000000047,1.125,2.375,1661477296.5,0.8521880000000011
2022-08-26 01:28:24.250,2.365771,1.625,0.2784406487615918,0.1255860000000002,0.625,2.125,1661477304.875,0.2668702500000004
2022-08-26 01:28:28.625,2.4125445,1.375,0.278904746935261,0.15313750000000015,0.625,1.75,1661477309.25,0.26799062500000026
2022-08-26 01:28:32.750,2.3760220000000003,1.375,0.2937080273469874,0.1614665000000004,0.5,1.625,1661477313.25,0.26238306250000065
2022-08-26 01:28:38.125,2.5919525,1.5,0.6129521782704508,0.3780380000000001,1.125,2.375,1661477319.25,0.8978402500000002
2022-08-26 01:28:42.250,2.390119,1.25,0.26217700560155777,0.13583799999999968,0.75,1.75,1661477323.0,0.23771649999999944
2022-08-26 01:28:47.250,2.251718,1.625,0.1518282873973078,0.08201499999999973,1.0,2.375,1661477328.25,0.19478562499999935
2022-08-26 01:29:00.125,2.4426595000000004,1.0,0.44512719936006917,0.11725550000000062,0.625,1.5,1661477340.75,0.17588325000000093
2022-08-26 01:29:05.000,2.638727,2.0,0.4438004082938285,0.3613789999999999,0.75,2.5,1661477345.75,0.9034474999999997
2022-08-26 01:29:09.000,2.1697029999999997,1.5,0.6787133137439838,0.13278799999999968,0.125,1.5,1661477349.125,0.19918199999999953
2022-08-26 01:29:14.375,2.6912675,1.375,0.5633579017402184,0.29730449999999964,0.875,2.0,1661477355.25,0.5946089999999993
2022-08-26 01:29:23.000,2.400371,1.5,0.2831946921587374,0.1960679999999999,0.875,2.0,1661477363.875,0.3921359999999998
2022-08-26 01:29:45.500,2.481104,1.125,0.5021414070457304,0.23963750000000017,0.25,1.25,1661477385.75,0.2995468750000002
2022-08-26 01:29:50.875,2.4445815,1.625,0.47393238362746715,0.32998249999999985,1.5,2.875,1661477392.375,0.9486996874999996
2022-08-26 01:29:55.875,2.412545,1.5,0.34525164498402816,0.19286350000000008,1.125,2.375,1661477397.0,0.4580508125000002
2022-08-26 01:29:59.500,2.44266,1.5,0.23722828476437385,0.14609000000000005,2.0,3.25,1661477401.5,0.4747925000000002
2022-08-26 01:30:03.750,2.363208,1.25,0.20555141173977276,0.05638600000000027,0.125,1.25,1661477403.875,0.07048250000000034
2022-08-26 01:30:09.375,2.470852,2.125,0.47674593340681426,0.44083099999999975,,,1661477411.0,
2022-08-26 01:30:12.000,2.542615,1.0,0.20364404096198996,0.035881000000000274,0.25,1.25,1661477412.25,0.04485125000000034
2022-08-26 01:30:18.000,2.560556,1.5,0.36250019363006913,0.19478499999999999,1.125,2.375,1661477419.125,0.46261437499999997
2022-08-26 01:30:21.875,2.6662790000000003,1.375,0.41150855171179757,0.22874500000000042,0.875,2.0,1661477422.75,0.45749000000000084
2022-08-26 01:30:38.000,2.185567,1.375,0.34307469443278293,0.19158199999999992,1.25,2.375,1661477439.25,0.4550072499999998
2022-08-26 01:30:45.375,2.3310155,2.25,0.3878431097018513,0.39149349999999994,1.125,2.875,1661477446.5,1.1255438125
2022-08-26 01:30:48.875,2.1522485,1.5,0.1960292727732913,0.05766699999999947,0.375,1.5,1661477449.25,0.0865004999999992
2022-08-26 01:30:52.750,2.524675,2.5,0.38333888759283496,0.43009299999999984,,,1661477455.5,
2022-08-26 01:31:37.375,2.5490225,2.625,0.46689914533621746,0.4421124999999999,2.25,3.75,1661477499.625,1.6579218749999995
2022-08-26 01:31:42.750,2.40806,1.375,0.18168420874307145,0.10315999999999992,0.75,1.875,1661477503.5,0.19342499999999985
2022-08-26 01:31:48.000,2.707927,1.875,0.5665268852124399,0.5004195,1.5,2.875,1661477509.5,1.4387060625
2022-08-26 01:31:53.250,2.723305,1.625,0.5439420426261989,0.3434379999999999,1.0,2.375,1661477514.25,0.8156652499999998
2022-08-26 01:31:58.875,2.3318114999999997,1.625,0.0813901522557039,0.055744499999999864,0.5,1.875,1661477519.375,0.10452093749999974
2022-08-26 01:32:04.875,2.570808,2.0,0.4069619392640149,0.3568935,1.375,3.0,1661477526.25,1.0706805
2022-08-26 01:32:10.250,2.6605119999999998,1.625,0.4424590205999017,0.3094785,1.0,2.25,1661477531.25,0.696326625
2022-08-26 01:32:25.125,2.1094730000000004,2.75,0.05393726828026146,0.1319925000000004,,,1661477547.5,
2022-08-26 01:32:29.875,2.521471,2.375,0.39789523105293867,0.4132790000000002,1.625,3.5,1661477551.5,1.4464765000000006
2022-08-26 01:32:35.125,2.4881525,2.0,0.23933998233740184,0.16018599999999994,0.75,2.625,1661477555.875,0.42048824999999984
2022-08-26 01:32:43.875,2.2876000000000003,1.25,0.13206652464046797,0.05510400000000004,0.625,1.75,1661477564.5,0.09643200000000007
2022-08-26 01:32:47.250,2.431126,1.75,0.19773808003771975,0.1640299999999999,1.0,2.25,1661477568.25,0.36906749999999977
2022-08-26 01:32:54.000,2.792505,1.375,0.2648393832272049,0.04805549999999981,0.125,1.5,1661477574.125,0.07208324999999971
2022-08-26 01:33:15.125,2.6987435,1.75,0.13775434915310925,0.04228900000000024,0.25,2.0,1661477595.375,0.08457800000000049
2022-08-26 01:33:17.125,2.7794775,1.125,0.23858680800179144,0.06215249999999983,0.375,1.375,1661477597.5,0.08545968749999977
2022-08-26 01:33:20.000,3.0236,1.125,0.4938097471245513,0.1512150000000001,0.75,1.75,1661477600.75,0.2646262500000002
2022-08-26 01:33:26.500,2.826252,1.875,0.06805027395838437,0.024349000000000398,0.125,1.625,1661477606.625,0.03956712500000065
2022-08-26 01:33:32.625,3.0876745,2.125,0.1833518127158449,0.2742374999999999,0.875,2.75,1661477613.5,0.7541531249999998
2022-08-26 01:33:41.375,3.044104,1.25,0.4361727276815799,0.18068949999999973,0.75,1.875,1661477622.125,0.3387928124999995
2022-08-26 01:33:52.500,2.727577,1.75,0.28658330695351353,0.20375600000000027,0.5,1.875,1661477633.0,0.3820425000000005
2022-08-26 01:33:57.625,2.8140775,2.375,0.23712234548600009,0.31332349999999964,1.125,2.875,1661477638.75,0.900805062499999
2022-08-26 01:34:00.750,2.814718,1.375,0.2394191574932485,0.06215200000000021,0.5,1.75,1661477641.25,0.10876600000000036
2022-08-26 01:34:10.250,2.8659779999999997,1.875,0.39055688094342855,0.09931549999999989,0.25,2.0,1661477650.5,0.19863099999999978
2022-08-26 01:34:12.875,2.8518815,1.625,0.13775871226713932,0.12302349999999995,0.375,1.5,1661477653.25,0.18453524999999993
2022-08-26 01:34:18.750,2.700666,1.0,0.38299697580928793,0.08329699999999995,0.5,1.375,1661477659.25,0.11453337499999994
2022-08-26 01:34:31.750,2.77371,2.375,0.14084119531629824,0.15762199999999948,0.75,2.5,1661477672.5,0.3940549999999987
2022-08-26 01:34:36.125,3.0851115,2.75,0.22357146076248924,0.37739749999999983,1.0,3.125,1661477677.125,1.1793671874999996
2022-08-26 01:34:46.625,3.1152265000000003,1.0,0.41277142585421345,0.057026000000000465,0.25,1.25,1661477686.875,0.07128250000000058
2022-08-26 01:34:51.875,3.122915,1.5,0.5323714855542256,0.33254550000000016,1.0,2.25,1661477692.875,0.7482273750000004
2022-08-26 01:34:56.625,2.8115145000000004,1.0,0.22359860272425536,0.03524100000000008,0.25,1.25,1661477696.875,0.0440512500000001
2022-08-26 01:35:00.625,2.9704185,1.875,0.3659747508374167,0.23002650000000013,0.375,2.0,1661477701.0,0.46005300000000027
2022-08-26 01:35:03.250,2.777555,1.0,0.272335662166455,0.02691100000000013,0.125,1.125,1661477703.375,0.030274875000000145
2022-08-26 01:35:05.875,2.8313775,1.25,0.32447759995872616,0.1287894999999999,0.625,1.75,1661477706.5,0.2253816249999998
2022-08-26 01:35:14.000,2.930052,4.0,0.37726562265418195,0.46688899999999967,,,1661477716.875,
2022-08-26 01:35:23.375,2.912111,2.75,0.3497260940906699,0.29986749999999995,1.25,2.625,1661477724.625,0.7871521874999998
2022-08-26 01:35:27.625,2.7711474999999997,1.5,0.15191318519287833,0.0909854999999995,0.875,2.125,1661477728.5,0.19334418749999893
2022-08-26 01:35:39.125,2.690414,1.875,0.13383237266060277,0.05510400000000004,0.625,1.75,1661477739.75,0.09643200000000007
2022-08-26 01:35:52.875,2.9742629999999997,2.125,0.5929484841212833,0.40601799999999955,1.625,3.125,1661477754.5,1.2688062499999986
2022-08-26 01:35:58.125,2.942226,1.625,0.58061367157757,0.31588599999999945,0.375,1.75,1661477758.5,0.552800499999999
2022-08-26 01:36:16.125,2.946711,2.125,0.35532205784250337,0.404096,1.125,2.875,1661477777.25,1.1617760000000001
2022-08-26 01:36:37.625,2.8373575,2.875,0.2210570928733233,0.5984534999999997,2.375,4.625,1661477800.0,2.7678474374999986
2022-08-26 01:36:54.625,2.858502,2.375,0.46697278803483755,0.5606499999999999,2.25,3.75,1661477816.875,2.1024374999999997
2022-08-26 01:37:01.250,2.878365,2.0,0.34334038397198796,0.31396400000000035,1.625,3.125,1661477822.875,0.9811375000000011
2022-08-26 01:37:18.375,2.7047229999999995,2.0,0.31161157643141735,0.29089699999999974,1.125,2.625,1661477839.5,0.7636046249999993
2022-08-26 01:37:28.125,2.8544444999999996,3.0,0.5165170644067238,0.5309629999999999,2.125,4.0,1661477850.25,2.1238519999999994
2022-08-26 01:37:41.750,2.395245,1.5,0.33562280957663404,0.2127270000000001,1.375,2.5,1661477863.125,0.5318175000000003
2022-08-26 01:37:52.625,2.297852,2.0,0.18238647209275882,0.18068949999999973,2.875,4.5,1661477875.5,0.8131027499999988
2022-08-26 01:38:13.125,2.2882405,2.875,0.17155399340185795,0.19670750000000004,1.125,2.75,1661477894.25,0.5409456250000001
2022-08-26 01:38:34.750,2.41703,2.625,0.12403334147319711,0.23130799999999985,,,1661477918.625,
2022-08-26 01:38:42.000,3.231201,2.375,0.7078251084643057,0.8763229999999997,,,1661477925.875,
2022-08-26 01:38:53.125,2.561625,1.875,0.05019824052986621,0.03267799999999976,0.875,2.5,1661477934.0,0.08169499999999941
2022-08-26 01:39:01.750,3.076141,2.25,0.5009584665051818,0.5689789999999997,2.0,3.625,1661477943.75,2.0625488749999987
2022-08-26 01:39:33.500,2.4516299999999998,1.875,0.12036907301842703,0.04292999999999969,,,1661477974.375,
2022-08-26 01:39:36.125,2.6066895,1.75,0.20404590973457104,0.14865199999999978,1.25,2.75,1661477977.375,0.4087929999999994
2022-08-26 01:39:40.500,3.259393,2.125,0.6835342779205469,0.6719255000000004,1.5,3.125,1661477982.0,2.0997671875000012
2022-08-26 01:39:44.750,3.001815,1.375,0.23473568235345965,0.10828550000000003,0.5,1.625,1661477985.25,0.17596393750000006
2022-08-26 01:40:04.875,3.407131,1.875,0.7290557772155815,0.44162500000000016,0.875,2.5,1661478005.75,1.1040625000000004
2022-08-26 01:40:12.500,3.035134,2.125,0.17629026364493328,0.12174150000000061,1.375,3.125,1661478013.875,0.3804421875000019
2022-08-26 01:41:01.625,2.716257,2.75,0.2207338917923316,0.22490100000000046,,,1661478063.0,
2022-08-26 01:41:05.750,3.69098,2.75,0.845114402478611,0.9779270000000002,2.125,3.75,1661478067.875,3.6672262500000006
2022-08-26 01:41:17.375,2.930052,1.5,0.08716122686539407,0.045493000000000006,,,1661478078.625,
2022-08-26 01:42:02.125,3.1370115,2.25,0.36176334399418053,0.4273754999999997,1.875,3.5,1661478124.0,1.495814249999999
2022-08-26 01:42:23.125,2.944789,2.125,0.301309272607142,0.313323,1.875,3.375,1661478145.0,1.057465125
2022-08-26 01:42:36.375,3.571802,2.5,0.8019334549012918,0.9493065,2.625,4.5,1661478159.0,4.2718792500000005
2022-08-26 01:42:59.625,2.690414,2.0,0.1209930609878711,0.10315949999999985,1.25,2.875,1661478180.875,0.29658356249999956
2022-08-26 01:43:15.750,3.129963,3.0,0.4466125988609164,0.597172,2.0,3.75,1661478197.75,2.239395
2022-08-26 01:43:29.500,3.022319,2.125,0.3348503718627782,0.3581755000000002,,,1661478211.125,
2022-08-26 01:43:32.500,3.053074,1.375,0.18014894279812665,0.07176300000000024,0.25,1.5,1661478212.75,0.10764450000000036
2022-08-26 01:43:36.000,3.037697,1.375,0.32112127128748114,0.13519700000000023,,,1661478219.875,
2022-08-26 01:43:46.875,3.043463,2.5,0.18072063535373317,0.21464850000000002,1.125,2.875,1661478228.0,0.6171144375000001
2022-08-26 01:44:06.250,3.183786,2.375,0.41154883174162293,0.5177204999999998,2.0,3.75,1661478248.25,1.9414518749999994
2022-08-26 01:44:20.750,2.6775990000000003,1.875,0.12536463460322977,0.10187800000000058,1.0,2.5,1661478261.75,0.25469500000000145
2022-08-26 01:44:24.625,2.7147620000000003,1.75,0.1122994869779852,0.06343350000000036,0.5,2.0,1661478265.125,0.12686700000000073
2022-08-26 01:44:29.125,2.7544885,2.0,0.20786838265135543,0.16403049999999997,,,1661478271.375,
2022-08-26 01:44:42.625,2.5167729999999997,1.875,0.1058918468212191,0.04292999999999969,0.375,1.5,1661478283.0,0.06439499999999954
2022-08-26 01:44:55.125,2.5727305,2.625,0.13975712781591554,0.20695949999999996,1.5,3.5,1661478296.625,0.7243582499999999
2022-08-26 01:45:36.625,2.1761109999999997,1.625,0.1723005609271624,0.04485199999999967,1.0,2.625,1661478337.625,0.11773649999999913
2022-08-26 01:46:13.500,1.8869810000000002,1.25,0.044845560057712675,0.023067000000000393,1.125,2.25,1661478374.625,0.051900750000000884
2022-08-26 01:46:48.000,1.7139799999999998,1.375,0.03703994905914598,0.022425499999999765,0.5,1.625,1661478408.5,0.03644143749999962
2022-08-26 01:47:40.500,1.511306,1.75,0.31598886010693583,0.12302199999999996,0.5,1.5,1661478461.0,0.18453299999999995
2022-08-26 01:51:59.875,0.6840085,3.5,0.022659360338050938,0.042930000000000135,,,1661478723.5,
2022-08-26 01:52:21.250,0.893531,3.5,0.056755010051602106,0.20503700000000002,,,1661478742.0,
2022-08-26 01:52:43.875,1.784462,2.0,0.028256642597654036,0.024347999999999814,1.125,3.0,1661478765.0,0.07304399999999944
2022-08-26 01:53:20.625,2.475978,1.125,0.06113196842718338,0.02306600000000003,0.5,1.5,1661478801.125,0.034599000000000046
2022-08-26 01:53:26.625,2.96273,2.375,0.4588389993139934,0.5764559999999999,,,1661478808.0,
2022-08-26 01:53:29.750,3.110741,1.75,0.38868684150035193,0.2703929999999999,0.875,2.125,1661478810.625,0.5745851249999998
2022-08-26 01:53:41.125,3.5929465,2.5,1.048211200437894,1.0793775,2.125,3.75,1661478823.25,4.0476656250000005
2022-08-26 01:53:47.500,3.671758,2.0,0.8432899675829617,0.7160760000000002,0.75,2.375,1661478828.25,1.7006805000000003
2022-08-26 01:53:53.125,3.9822889999999997,1.875,1.025697668166103,1.0189189999999995,1.375,2.625,1661478834.5,2.6746623749999987
2022-08-26 01:53:58.375,4.180918500000001,1.5,0.9329897406443237,0.4831195000000008,1.0,2.25,1661478839.375,1.0870188750000018
2022-08-26 01:54:04.000,3.4551870000000005,1.5,0.6028992071704771,0.37291200000000035,0.75,2.0,1661478844.75,0.7458240000000007
2022-08-26 01:54:10.250,3.6256239999999997,1.0,0.4259549275282559,0.07816999999999963,0.25,1.25,1661478850.5,0.09771249999999954
2022-08-26 01:54:14.125,3.136097,1.25,0.2561469695456289,0.10572250000000016,0.375,1.5,1661478854.5,0.15858375000000025
2022-08-26 01:54:20.000,3.3975199999999997,1.75,0.7280118874525847,0.5930539999999995,1.0,2.375,1661478861.0,1.408503249999999
2022-08-26 01:54:25.375,3.801188,1.75,1.1466466507944517,0.8974069999999998,1.125,2.5,1661478866.5,2.2435174999999994
2022-08-26 01:54:30.375,3.5154170000000002,2.0,0.7160906972893848,0.5273315000000003,0.75,2.0,1661478871.125,1.0546630000000006
2022-08-26 01:54:33.125,3.558346,1.25,0.5549891311066197,0.23002600000000006,0.5,1.625,1661478873.625,0.3737922500000001
2022-08-26 01:54:42.625,3.1421375,1.75,0.3443201517881924,0.15057450000000028,0.25,1.625,1661478882.875,0.24468356250000045
2022-08-26 01:54:47.750,3.464157,1.875,0.9038915228459139,0.5520455000000002,1.375,3.0,1661478889.125,1.6561365000000006
2022-08-26 01:54:53.250,3.155593,1.375,0.4111838568226709,0.16723350000000048,0.5,1.75,1661478893.75,0.29265862500000084
2022-08-26 01:54:58.000,3.66535,1.625,1.0144313791829518,0.748113,1.0,2.25,1661478899.0,1.68325425
2022-08-26 01:55:08.875,2.9204410000000003,1.25,0.17135778950687097,0.06535600000000041,0.5,1.625,1661478909.375,0.10620350000000067
2022-08-26 01:55:12.125,2.8582885,1.5,0.09766716502450734,0.03459999999999974,0.25,1.625,1661478912.375,0.05622499999999958
2022-08-26 01:55:16.250,3.027445,1.875,0.3616270087585356,0.29730500000000015,0.375,1.75,1661478916.625,0.5202837500000003
2022-08-26 01:55:24.625,3.024241,1.375,0.45909111767643296,0.1467299999999998,0.125,1.375,1661478924.75,0.20175374999999973
2022-08-26 01:55:28.750,3.51798,2.125,0.7396563564376244,0.723125,0.75,2.375,1661478929.5,1.717421875
2022-08-26 01:55:35.500,3.1120229999999998,2.5,0.3297718355692716,0.424172,0.875,3.0,1661478936.375,1.272516
2022-08-26 01:55:42.375,3.4032865,1.375,0.7797449354672743,0.37712350000000017,0.75,2.0,1661478943.125,0.7542470000000003
2022-08-26 01:56:12.750,2.41703,1.25,0.29567102688228886,0.13327399999999967,1.25,2.375,1661478974.0,0.3165257499999992
2022-08-26 01:57:30.875,2.5804195,2.75,0.2945086881913248,0.34728249999999994,2.25,3.875,1661479053.125,1.3457196874999997
2022-08-26 01:57:45.875,2.329889,1.875,0.17662129882197775,0.08714100000000036,0.875,2.5,1661479066.75,0.2178525000000009
2022-08-26 01:57:51.375,2.46893,2.0,0.27185879992433826,0.19350449999999997,1.625,3.25,1661479073.0,0.6288896249999999
2022-08-26 01:58:59.625,1.956181,2.875,0.07042522398246476,0.08329600000000004,2.125,3.875,1661479141.75,0.32277200000000017
2022-08-26 01:59:10.125,1.8837775000000003,2.125,0.05192456827740344,0.0416485000000002,0.875,2.5,1661479151.0,0.1041212500000005
2022-08-26 01:59:30.250,1.930552,2.375,0.14077721091936013,0.1787675000000002,1.875,3.625,1661479172.125,0.6480321875000007
2022-08-26 01:59:34.750,1.878011,1.5,0.06882481957811493,0.028193000000000135,0.625,2.0,1661479175.375,0.05638600000000027
2022-08-26 02:00:00.000,1.708855,1.75,0.05735753805237742,0.04741499999999976,2.875,4.25,1661479202.875,0.201513749999999
2022-08-26 02:00:12.125,2.2220895,1.875,0.26264162935797586,0.1736415,,,1661479212.75,
2022-08-26 02:00:20.125,2.5464599999999997,2.125,0.29185931920920183,0.28448999999999947,,,1661479221.75,
2022-08-26 02:00:23.125,2.467008,1.375,0.10090890174112843,0.020503999999999856,0.125,1.5,1661479223.25,0.030755999999999784
2022-08-26 02:01:10.000,3.7477769999999997,2.0,1.1583225679487406,0.7895319999999995,1.875,3.125,1661479271.875,2.4672874999999985
2022-08-26 02:01:28.875,3.0139895,1.75,0.33288675355620967,0.1915825,0.375,1.5,1661479289.25,0.28737375
2022-08-26 02:01:42.375,3.085752,2.0,0.2780476128270166,0.21592999999999973,2.0,3.25,1661479304.375,0.7017724999999991
2022-08-26 02:03:11.500,2.02874,3.875,0.03452446268370224,0.08265600000000006,1.125,3.5,1661479392.625,0.2892960000000002
2022-08-26 02:03:25.250,1.8421290000000001,1.25,0.07450214179289105,0.02306700000000017,0.875,2.0,1661479406.125,0.04613400000000034
2022-08-26 02:10:36.375,0.5378499999999999,1.0,0.15436917138244288,0.039691499999999935,,,1661479838.0,
2022-08-26 02:18:17.875,0.32960849999999997,1.0,0.28305238588591575,0.04421149999999996,0.25,1.25,1661480298.125,0.05526437499999995
2022-08-26 02:19:59.500,0.202742,2.625,0.023151984750680032,0.028192999999999996,,,1661480403.0,
2022-08-26 02:20:42.625,0.23990449999999996,1.5,0.12724343494424306,0.07496649999999996,1.375,2.5,1661480444.0,0.1874162499999999
2022-08-26 02:24:44.250,0.256564,1.125,0.4446040602377894,0.08842250000000001,0.25,1.25,1661480684.5,0.11052812500000002
2022-08-26 02:24:50.125,0.4801835,1.25,0.6283763961969471,0.2620645,1.75,2.875,1661480691.875,0.7534354375
2022-08-26 02:53:34.250,0.18351900000000002,1.0,0.2833204903660649,0.09226700000000002,0.625,1.625,1661482414.875,0.14993387500000002
2022-08-26 03:23:38.250,0.104067,1.75,0.03259988722837959,0.024347999999999995,,,1661484220.5,
2022-08-26 03:30:33.625,0.1008635,1.375,0.04724741085943718,0.024988499999999997,1.0,2.125,1661484634.625,0.05310056249999999
2022-08-26 03:34:55.625,0.1277745,1.5,0.03470107938886091,0.02050350000000002,1.75,2.875,1661484897.375,0.058947562500000064
2022-08-26 03:37:45.250,0.152764,1.375,0.18593278851106088,0.038444500000000006,0.25,1.5,1661485065.5,0.05766675000000001
2022-08-26 03:53:22.500,0.118164,1.75,0.085845540030135,0.026912000000000005,0.375,1.375,1661486002.875,0.03700400000000001
2022-08-26 04:01:34.875,0.6711245,4.0,0.25544885881542356,0.46069400000000005,,,1661486497.75,
2022-08-26 04:01:40.125,0.9325475000000001,2.375,0.11344754053875583,0.21593050000000003,,,1661486501.0,
2022-08-26 04:01:46.875,1.3420515,1.625,0.5704740671455397,0.15506050000000005,,,1661486508.0,
2022-08-26 04:01:49.250,1.469017,1.25,0.306271363857757,0.12312100000000004,0.875,2.0,1661486510.125,0.24624200000000007
2022-08-26 04:01:54.375,1.5452655,1.25,0.3617680573902611,0.14096299999999995,0.375,1.5,1661486514.75,0.21144449999999992
2022-08-26 04:02:06.250,1.679181,1.0,0.1742164880833439,0.04485199999999989,0.375,1.25,1661486526.625,0.056064999999999865
2022-08-26 04:02:28.500,1.421602,1.625,0.10431376706421247,0.047414499999999915,,,1661486551.25,
2022-08-26 04:02:39.125,1.4363395,3.0,0.03781574315757119,0.04997800000000008,0.625,2.5,1661486559.75,0.1249450000000002
2022-08-26 04:02:45.250,1.952337,3.5,0.11822622236415725,0.4192450000000001,,,1661486569.125,
2022-08-26 04:03:03.125,2.232341,3.375,0.12302875739953123,0.591405,,,1661486587.0,
2022-08-26 04:03:40.625,2.1452,2.375,0.18075207252137915,0.20055200000000006,1.875,3.75,1661486622.5,0.7520700000000002
2022-08-26 04:03:50.750,2.22273,2.25,0.2755116409099152,0.28192700000000004,,,1661486634.0,
2022-08-26 04:03:56.125,2.3207639999999996,2.125,0.2565613813882379,0.2184929999999996,1.5,3.125,1661486637.625,0.6827906249999988
2022-08-26 04:04:00.625,2.5791375,1.875,0.44979845547977604,0.3512814999999998,1.5,3.0,1661486642.125,1.0538444999999994
2022-08-26 04:04:21.375,2.244515,2.375,0.2784460485278153,0.31396299999999977,,,1661486662.25,
2022-08-26 04:04:33.125,2.6169415000000003,1.875,0.40366827796452043,0.3472825000000004,1.25,2.625,1661486674.375,0.911616562500001
2022-08-26 04:04:51.875,2.6118154999999996,3.125,0.40258775336724995,0.6304904999999996,,,1661486695.75,
2022-08-26 04:04:59.375,3.076141,2.125,0.7820355003492416,0.7206220000000001,1.75,3.125,1661486701.125,2.25194375
2022-08-26 04:05:12.000,2.427282,1.875,0.1956975920720403,0.17876749999999975,,,1661486712.5,
2022-08-26 04:05:22.000,2.932615,1.75,0.4748686999960334,0.35625300000000015,1.125,2.5,1661486723.125,0.8906325000000004
2022-08-26 04:07:23.000,1.680462,2.0,0.1683687386946957,0.17684399999999978,,,1661486844.0,
2022-08-26 04:07:25.875,1.7182659999999998,1.875,0.05518882925633761,0.0403669999999996,0.875,2.5,1661486846.75,0.100917499999999
2022-08-26 04:07:37.125,2.782894,4.0,0.16666824395284507,1.0024755,,,1661486861.0,
2022-08-26 04:07:45.250,3.426994,3.25,0.41216869657736765,1.0906980000000002,,,1661486868.75,
2022-08-26 04:07:50.000,3.9412809999999996,1.25,1.2356380907526763,0.47300499999999923,0.625,1.75,1661486870.625,0.8277587499999987
2022-08-26 04:07:53.000,3.619217,1.125,1.0954359247457752,0.23771549999999975,0.25,1.375,1661486873.25,0.32685881249999965
2022-08-26 04:08:12.500,2.32653,2.0,0.8391286369389839,0.6035790000000001,0.875,2.0,1661486893.375,1.2071580000000002
2022-08-26 04:08:16.625,2.1387925,1.125,0.7059310080435424,0.1877375000000001,0.5,1.5,1661486897.125,0.28160625000000017
2022-08-26 04:08:22.125,1.547188,1.0,0.44911532575072144,0.10764499999999999,,,1661486903.0,
2022-08-26 04:08:24.500,1.6894330000000002,1.5,0.3943669883796268,0.1845340000000002,0.5,1.75,1661486905.0,0.32293450000000035
2022-08-26 04:08:28.875,1.7304405,1.0,0.5440399742247077,0.07304500000000003,0.25,1.25,1661486909.125,0.09130625000000003
2022-08-26 04:08:35.500,1.7471,1.125,0.31912258938674753,0.07496750000000008,0.125,1.25,1661486915.625,0.0937093750000001
2022-08-26 04:08:47.750,1.722751,1.25,0.3840439714130657,0.11533299999999991,0.25,1.375,1661486928.0,0.15858287499999987
2022-08-26 04:08:51.875,1.7355665,1.875,0.24247016948558553,0.16787449999999993,0.5,2.125,1661486932.375,0.35673331249999984
2022-08-26 04:08:54.250,1.7586330000000001,1.0,0.34958835326917637,0.0461330000000002,0.375,1.375,1661486934.625,0.06343287500000028
2022-08-26 04:09:04.500,1.8457740000000002,1.5,0.4268576293936057,0.26783000000000023,0.75,2.0,1661486945.25,0.5356600000000005
2022-08-26 04:09:07.250,1.9049220000000002,1.25,0.42045787338891216,0.15525900000000004,0.5,1.625,1661486947.75,0.25229587500000006
2022-08-26 04:09:10.250,1.8792919999999997,1.25,0.23605797836574816,0.07560799999999968,0.25,1.375,1661486950.5,0.10396099999999955
2022-08-26 04:09:14.125,1.7530655,1.375,0.3081220101890523,0.1582634999999999,,,1661486955.125,
2022-08-26 04:09:16.375,1.90364,1.25,0.36228661957266795,0.13519649999999994,0.375,1.5,1661486956.75,0.2027947499999999
2022-08-26 04:09:21.500,1.988218,1.625,0.708451449253495,0.44147100000000017,1.0,2.25,1661486962.5,0.9933097500000003
2022-08-26 04:09:35.625,1.9683555,1.0,0.4337577619932418,0.1332749999999998,0.5,1.375,1661486976.125,0.18325312499999974
2022-08-26 04:09:42.375,1.9414444999999998,1.75,0.502840584676493,0.3741939999999997,3.0,4.375,1661486985.375,1.6370987499999987
2022-08-26 04:09:49.250,1.662721,1.25,0.22688160560099568,0.09995599999999993,0.375,1.375,1661486989.625,0.1374394999999999
2022-08-26 04:09:55.375,1.7381289999999998,1.125,0.1550013313830263,0.029473999999999778,0.25,1.25,1661486995.625,0.03684249999999972
2022-08-26 04:09:57.625,2.070874,1.25,0.5569205160195505,0.2577775,0.625,1.75,1661486998.25,0.451110625
2022-08-26 04:10:02.125,1.819062,1.5,0.22450868014079717,0.12558499999999984,0.625,1.875,1661487002.75,0.2354718749999997
2022-08-26 04:10:12.250,1.607617,1.125,0.05925917539555492,0.026910999999999907,0.375,0.625,1661487012.625,0.016819374999999942
2022-08-26 04:10:29.875,2.0183335,2.5,0.16474199390810718,0.2402789999999997,1.25,3.125,1661487031.125,0.750871874999999
2022-08-26 04:10:34.750,2.154811,2.125,0.18900948496916214,0.22618150000000004,2.375,4.25,1661487037.125,0.9612713750000002
2022-08-26 04:10:40.125,2.7521385,2.0,0.7240863788113678,0.672294,3.125,4.5,1661487043.25,3.0253229999999998
2022-08-26 04:10:49.250,2.017693,1.625,0.19966625839128227,0.10315999999999992,1.25,2.625,1661487050.5,0.2707949999999998
2022-08-26 04:10:55.125,2.3784305000000003,2.0,0.5590622274555308,0.4632570000000005,,,1661487058.875,
2022-08-26 04:11:00.125,2.6983155,1.25,0.7738088249469506,0.3395934999999999,1.5,2.625,1661487061.625,0.8914329374999996
2022-08-26 04:11:11.750,2.402934,3.125,0.4572220153498918,0.5268455000000001,,,1661487073.875,
2022-08-26 04:11:15.250,2.4298450000000003,1.375,0.2797500716313621,0.1371190000000002,0.375,1.5,1661487075.625,0.20567850000000032
2022-08-26 04:11:18.875,2.387556,1.375,0.2845777468464341,0.16146700000000003,0.625,1.75,1661487079.5,0.28256725000000005
2022-08-26 04:11:25.625,2.6752494999999996,1.75,0.7323701492768784,0.5638539999999996,2.625,4.0,1661487088.25,2.2554159999999985
2022-08-26 04:11:38.625,2.854444,1.375,0.8726312211672891,0.4638390000000001,1.125,2.25,1661487099.75,1.0436377500000003
2022-08-26 04:11:52.625,2.8008344999999997,2.75,0.5252473502447259,0.5055459999999998,3.625,5.0,1661487116.25,2.527729999999999
2022-08-26 04:11:59.750,2.8300959999999997,2.0,0.4843836525384084,0.37846599999999997,0.5,2.375,1661487120.25,0.89885675
2022-08-26 04:12:10.375,2.60669,2.625,0.2538429208775028,0.2614230000000002,,,1661487132.875,
2022-08-26 04:12:31.625,2.6047675,1.75,0.7530734104199759,0.5146715,3.375,4.75,1661487155.0,2.4446896249999996
2022-08-26 04:13:04.125,1.821625,1.25,0.19840163320971804,0.09867399999999993,0.625,1.625,1661487184.75,0.16034524999999988
2022-08-26 04:13:26.750,2.426,1.375,0.17689625539308196,0.04997750000000023,0.125,1.5,1661487206.875,0.07496625000000035
2022-08-26 04:13:29.125,2.5067335,1.125,0.34281982198407235,0.07176250000000017,0.25,1.375,1661487209.375,0.09867343750000024
2022-08-26 04:13:39.000,2.464445,1.5,0.40445373969246035,0.1960670000000002,0.625,2.0,1661487219.625,0.3921340000000004
2022-08-26 04:13:42.000,2.519549,1.375,0.52676484943321,0.2595010000000002,0.75,1.875,1661487222.75,0.4865643750000004
2022-08-26 04:13:46.250,2.683579,1.25,0.4893979842440359,0.19094100000000003,2.25,3.375,1661487228.5,0.644425875
2022-08-26 04:13:54.625,2.678453,1.5,0.5780679476888473,0.32870100000000013,0.625,1.75,1661487235.25,0.5752267500000002
2022-08-26 04:14:06.875,2.3702555,1.5,0.431364529414914,0.29410099999999995,,,1661487248.125,
2022-08-26 04:14:09.375,2.450989,1.25,0.21012150565468346,0.10059599999999991,0.625,1.75,1661487250.0,0.17604299999999984
2022-08-26 04:14:16.250,2.399089,1.625,0.43894284361882185,0.342797,1.0,2.25,1661487257.25,0.77129325
2022-08-26 04:14:20.125,2.4554745000000002,1.5,0.44193423549191735,0.2684709999999999,0.75,2.0,1661487260.875,0.5369419999999998
2022-08-26 04:14:39.000,2.238108,1.25,0.43497119036353027,0.18325199999999997,0.375,1.5,1661487279.375,0.27487799999999996
2022-08-26 04:14:43.500,2.106115,1.375,0.3468590375651708,0.167875,0.75,1.875,1661487284.25,0.314765625
2022-08-26 04:14:52.875,2.3169195,2.0,0.6388356920166878,0.5493160000000001,1.375,2.875,1661487294.25,1.5792835000000003
2022-08-26 04:14:59.750,2.090737,1.75,0.23297760050382266,0.12430399999999975,,,1661487300.625,
2022-08-26 04:15:02.000,2.293212,1.375,0.31381923249355026,0.17684500000000014,0.875,2.0,1661487302.875,0.3536900000000003
2022-08-26 04:15:07.375,2.6810159999999996,1.0,0.5073762896737719,0.09547099999999986,0.25,1.25,1661487307.625,0.11933874999999983
2022-08-26 04:15:12.625,2.281833,2.0,0.4705439681396264,0.27808199999999994,,,1661487315.875,
2022-08-26 04:15:17.000,2.65026,1.125,0.7750287972278755,0.2216969999999998,0.375,1.5,1661487317.375,0.3325454999999997
2022-08-26 04:15:27.125,2.5701675,1.5,0.6483289948751185,0.3897265000000001,1.25,2.5,1661487328.375,0.9743162500000002
2022-08-26 04:15:34.500,2.0612630000000003,1.625,0.2851494176898477,0.12430450000000048,0.625,1.875,1661487335.125,0.2330709375000009
2022-08-26 04:15:45.500,2.316279,2.375,0.40524143883279606,0.41135750000000026,1.0,2.375,1661487346.5,0.9769740625000006
2022-08-26 04:15:49.375,2.6015639999999998,2.5,0.5775963544582794,0.48775999999999975,,,1661487351.0,
2022-08-26 04:16:07.500,2.8796459999999997,1.5,0.740156218401161,0.4779939999999998,3.375,4.625,1661487370.875,2.210722249999999
2022-08-26 04:16:12.750,3.064608,1.125,0.7314684418206596,0.21059150000000004,0.5,1.625,1661487373.25,0.34221118750000007
2022-08-26 04:16:26.625,2.3311705,1.625,0.14760579179824163,0.0948294999999999,0.75,2.0,1661487387.375,0.1896589999999998
2022-08-26 04:16:43.250,2.495201,1.375,0.5274038576992659,0.2607824999999995,1.0,2.125,1661487404.25,0.5541628124999989
2022-08-26 04:16:47.125,2.6585894999999997,2.125,0.2772736139501397,0.24796649999999998,0.875,2.25,1661487408.0,0.557924625
2022-08-26 04:17:02.625,2.8027569999999997,2.375,0.41168247409177283,0.692002,1.375,3.125,1661487424.0,2.16250625
2022-08-26 04:17:06.750,2.6938310000000003,2.0,0.24151842072777185,0.18966000000000038,0.5,2.375,1661487427.25,0.4504425000000009
2022-08-26 04:17:23.375,2.77072,2.0,0.5925401653326752,0.37675699999999956,0.625,1.75,1661487444.0,0.6593247499999992
2022-08-26 04:17:31.875,2.996689,2.125,0.6619146299106049,0.5335259999999997,1.125,2.25,1661487453.0,1.2004334999999995
2022-08-26 04:17:37.500,2.9544,1.75,0.6212284845188272,0.40238600000000035,1.0,2.375,1661487458.5,0.9556667500000009
2022-08-26 04:17:42.125,3.188912,1.875,0.6410209502424316,0.5343800000000001,1.5,3.0,1661487463.625,1.6031400000000002
2022-08-26 04:17:49.875,2.6795215,1.25,0.14606136648288626,0.06727799999999995,2.25,3.375,1661487472.125,0.22706324999999983
2022-08-26 04:18:10.875,2.4163895,1.625,0.17535826160637313,0.09034450000000005,2.0,3.5,1661487492.875,0.3162057500000002
2022-08-26 04:18:16.375,2.8832775,2.0,0.6304794732298085,0.5187884999999999,1.5,3.125,1661487497.875,1.6212140624999996
2022-08-26 04:18:51.875,2.1490444999999996,1.125,0.23582467801942997,0.08137449999999946,2.875,3.875,1661487534.75,0.3153261874999979
2022-08-26 04:19:22.500,1.769084,2.0,0.13607375681134037,0.13327400000000011,2.875,4.375,1661487565.375,0.5830737500000005
2022-08-26 04:19:48.875,1.7765735,1.625,0.06864040882448741,0.053822500000000106,,,1661487591.25,
2022-08-26 04:20:04.625,1.906844,1.0,0.16454560082313208,0.03844449999999977,0.5,1.375,1661487605.125,0.052861187499999684
2022-08-26 04:20:07.750,2.302182,2.0,0.3691060210199346,0.38316400000000006,2.0,3.5,1661487609.75,1.3410740000000003
2022-08-26 04:20:26.750,2.184286,2.0,0.26266009946763447,0.2768010000000003,1.5,2.875,1661487628.25,0.7958028750000008
2022-08-26 04:20:30.625,2.244515,1.625,0.1894301932663538,0.16146700000000003,1.0,2.25,1661487631.625,0.36330075000000006
2022-08-26 04:21:00.250,3.015911,2.0,0.6719559818986873,0.665518,2.125,3.5,1661487662.375,2.329313
2022-08-26 04:21:07.500,2.734838,1.75,0.4005923394117694,0.14737100000000014,1.125,2.75,1661487668.625,0.4052702500000004
2022-08-26 04:21:22.750,2.5105779999999998,1.625,0.2391437534856422,0.19158149999999985,0.75,2.0,1661487683.5,0.3831629999999997
2022-08-26 04:22:03.125,1.9728405,1.75,0.049534675492756364,0.034599999999999964,0.75,2.125,1661487723.875,0.07352499999999992
2022-08-26 04:23:43.875,1.3415095,3.0,0.013501000479720915,0.02370749999999977,0.875,2.875,1661487824.75,0.06815906249999934
2022-08-26 04:25:00.000,1.155053,2.125,0.06582651900315639,0.04228900000000024,2.25,3.375,1661487902.25,0.14272537500000082
2022-08-26 04:25:34.625,1.0698344999999998,2.375,0.02193274032023851,0.04036649999999975,0.75,2.75,1661487935.375,0.11100787499999931
2022-08-26 04:25:49.500,1.0922610000000001,1.25,0.13587635785298247,0.0640750000000001,0.75,1.875,1661487950.25,0.1201406250000002
2022-08-26 04:26:01.500,1.030749,1.0,0.06587697446173024,0.028191999999999995,0.875,1.875,1661487962.375,0.05285999999999999
2022-08-26 04:26:21.625,0.998613,1.25,0.1111814239476665,0.05510400000000004,,,1661487985.25,
2022-08-26 04:27:26.375,0.7307825000000001,2.0,0.04217685659634807,0.041007500000000086,,,1661488048.25,
2022-08-26 05:08:41.000,0.15404500000000002,1.25,0.17668833417300867,0.08714100000000002,,,1661490524.5,
2022-08-26 06:01:45.000,0.348564,1.375,0.2589856865102793,0.13455599999999998,,,1661493706.5,
2022-08-26 06:10:10.875,0.3376715,1.375,0.24368288093354584,0.1313525,0.625,1.75,1661494211.5,0.22986687500000003
2022-08-26 06:31:23.125,0.2332305,2.0,0.08799507725893196,0.02498900000000001,0.375,1.5,1661495483.5,0.03748350000000002
2022-08-26 07:32:58.875,0.32165299999999997,1.5,0.16762314064417216,0.09995649999999995,0.5,1.625,1661499179.375,0.16242931249999992
2022-08-26 08:15:08.125,0.196708,2.375,0.038415202664727754,0.023707000000000006,3.125,4.25,1661501711.25,0.10075475000000003
2022-08-26 08:17:21.500,0.169156,1.75,0.06188203704646478,0.04100699999999999,,,1661501843.25,
2022-08-26 08:30:57.000,0.251171,1.125,0.16256279023835596,0.05254099999999998,0.75,1.75,1661502657.75,0.09194674999999997
2022-08-26 08:55:14.750,0.190941,1.25,0.0609213222615379,0.021785,2.25,3.375,1661504117.0,0.073524375
2022-08-26 09:33:39.875,0.1589045,1.125,0.05656077619617772,0.021785499999999985,1.625,2.75,1661506421.5,0.05991012499999996
2022-08-26 09:54:16.000,0.266549,1.75,0.04818091049503925,0.029473999999999972,,,1661507658.0,
2022-08-26 09:55:10.875,0.28769350000000005,1.375,0.04649244856451551,0.024989500000000053,0.5,1.75,1661507711.375,0.04373162500000009
2022-08-26 09:56:13.500,0.42032700000000006,1.75,0.05579970031610593,0.030755000000000088,1.125,2.125,1661507774.625,0.06535437500000019
2022-08-26 09:56:43.875,0.617035,3.25,0.11947478893235619,0.148011,2.875,4.375,1661507806.75,0.647548125
2022-08-26 09:57:01.375,0.547194,2.125,0.03810029285117178,0.041007000000000016,1.625,3.25,1661507823.0,0.13327275000000005
2022-08-26 09:57:10.625,0.6061425,1.875,0.08989359070966252,0.07560749999999994,2.875,4.375,1661507833.5,0.33078281249999975
2022-08-26 09:57:15.750,0.617676,1.75,0.04235134803334262,0.037162999999999946,0.75,2.0,1661507836.5,0.07432599999999989
2022-08-26 09:57:31.000,0.594609,2.125,0.026744529476645518,0.021785000000000054,0.75,2.375,1661507851.75,0.05173937500000013
2022-08-26 09:58:28.875,0.6685615,3.0,0.04050169928225955,0.11533349999999998,,,1661507911.5,
2022-08-26 09:58:36.375,0.9600995000000001,1.25,0.2951951602791505,0.14032250000000013,1.375,2.375,1661507917.75,0.33326593750000033
2022-08-26 09:58:47.750,1.012709,2.375,0.14143007549174325,0.20824100000000012,1.125,3.125,1661507928.875,0.6507531250000004
2022-08-26 09:59:07.875,1.261958,2.0,0.25937666037673957,0.21977449999999998,1.125,2.75,1661507949.0,0.604379875
2022-08-26 09:59:10.750,1.301044,1.125,0.2609148466743303,0.09418950000000015,0.5,1.5,1661507951.25,0.14128425000000022
2022-08-26 09:59:16.875,1.445951,2.375,0.46862054857791335,0.39223399999999997,3.875,5.25,1661507960.75,2.0592284999999997
2022-08-26 09:59:23.625,1.4036615000000001,1.625,0.2124140882100214,0.14737050000000007,1.125,2.375,1661507964.75,0.35000493750000017
2022-08-26 09:59:31.625,1.5427024999999999,2.25,0.3006809058849882,0.26590749999999974,1.25,2.75,1661507972.875,0.7312456249999992
2022-08-26 09:59:36.750,1.598447,2.0,0.3524521128161222,0.2665489999999999,1.25,2.5,1661507978.0,0.6663724999999998
2022-08-26 09:59:47.125,1.460688,1.75,0.22203122024887634,0.13775999999999988,1.0,2.5,1661507988.125,0.3443999999999997
2022-08-26 09:59:51.000,1.895951,2.0,0.618651897682172,0.517919,1.625,2.875,1661507992.625,1.4890171250000002
2022-08-26 09:59:55.250,1.804966,1.5,0.4240405833879013,0.225541,0.375,1.625,1661507995.625,0.36650412499999996
2022-08-26 09:59:59.250,1.821625,1.625,0.3545242012527723,0.24796700000000005,1.125,2.375,1661508000.375,0.5889216250000001
2022-08-26 10:00:05.125,1.7575509999999999,1.875,0.24881530188921275,0.17043799999999987,0.875,2.5,1661508006.0,0.42609499999999967
2022-08-26 10:00:13.750,1.912611,1.875,0.4130820067347969,0.3126825000000002,1.375,2.875,1661508015.125,0.8989621875000006
2022-08-26 10:00:19.000,1.672973,1.375,0.11208027844285162,0.0480560000000001,0.5,1.75,1661508019.5,0.08409800000000017
2022-08-26 10:00:21.875,1.8728845,1.375,0.37461721996917596,0.1935045000000002,0.875,2.0,1661508022.75,0.3870090000000004
2022-08-26 10:00:28.375,1.712699,2.5,0.05091910108751385,0.12238150000000014,0.875,3.125,1661508029.25,0.3824421875000005
2022-08-26 10:00:32.625,1.6069765,1.125,0.44009304069875554,0.0980335000000001,0.5,0.625,1661508033.125,0.06127093750000007
2022-08-26 10:00:38.875,1.916455,2.25,0.3936490317174428,0.2737965,0.75,2.625,1661508039.625,0.7187158124999999
2022-08-26 10:00:45.250,1.830596,1.875,0.4149396678108044,0.2402789999999999,0.5,2.125,1661508045.75,0.5105928749999998
2022-08-26 10:00:50.250,1.5138690000000001,2.5,0.05559408261008336,0.06791800000000014,,,1661508051.125,
2022-08-26 10:00:52.375,1.5632065,1.25,0.08777379265521112,0.037162999999999835,0.75,1.875,1661508053.125,0.06968062499999969
2022-08-26 10:00:55.750,1.9408029999999998,2.0,0.41521026713194864,0.32569599999999976,1.125,2.875,1661508056.875,0.9363759999999993
2022-08-26 10:01:01.250,1.9203,1.5,0.474009016470335,0.27680099999999963,1.0,2.125,1661508062.25,0.5882021249999992
2022-08-26 10:01:06.250,1.9241439999999999,2.25,0.19949213940360622,0.35240799999999983,1.0,2.875,1661508067.25,1.0131729999999994
2022-08-26 10:01:14.875,1.674055,1.375,0.32141066927863093,0.16146700000000025,0.75,2.0,1661508075.625,0.3229340000000005
2022-08-26 10:01:25.500,1.8201439999999998,3.125,0.28488618920076547,0.3408749999999998,1.125,2.875,1661508086.625,0.9800156249999995
2022-08-26 10:01:39.625,1.5234805,1.875,0.1215565456444434,0.07368549999999985,0.625,1.75,1661508100.25,0.12894962499999973
2022-08-26 10:01:43.625,1.772089,1.5,0.40176461724882095,0.259501,1.25,2.5,1661508104.875,0.6487525
2022-08-26 10:01:58.875,1.6503475,2.125,0.1733032760367319,0.17748549999999996,2.875,4.5,1661508121.75,0.7986847499999998
2022-08-26 10:02:04.375,1.9651519999999998,1.875,0.4179043558420066,0.3833639999999998,,,1661508127.0,
2022-08-26 10:02:14.750,1.8613509999999998,1.75,0.14011095258798356,0.06535599999999975,0.625,2.25,1661508135.375,0.14705099999999943
2022-08-26 10:02:18.500,1.9151740000000002,1.75,0.12581887612659948,0.089704,0.875,2.375,1661508139.375,0.21304700000000001
2022-08-26 10:02:27.375,2.204149,2.25,0.39559502959385284,0.4023865000000002,1.75,3.5,1661508149.125,1.4083527500000006
2022-08-26 10:02:31.625,2.2810379999999997,1.625,0.33452121011143987,0.23387099999999972,1.0,2.375,1661508152.625,0.5554436249999993
2022-08-26 10:02:36.250,2.103552,1.5,0.09236100371341394,0.0333190000000001,0.375,1.625,1661508156.625,0.05414337500000016
2022-08-26 10:02:41.625,2.1073965,1.875,0.1259702846983899,0.08714049999999984,0.875,2.5,1661508162.5,0.2178512499999996
2022-08-26 10:02:49.750,2.1009889999999998,1.75,0.1791025219550484,0.12430399999999997,1.875,3.375,1661508171.625,0.4195259999999999
2022-08-26 10:03:03.750,1.9600259999999998,2.125,0.04939183878169651,0.05061899999999997,,,1661508185.125,
2022-08-26 10:03:06.625,2.001674,1.5,0.07901247051369076,0.041007500000000086,0.75,2.0,1661508187.375,0.08201500000000017
2022-08-26 10:03:15.625,2.0426815,2.125,0.16163504408432772,0.16210749999999985,2.375,4.0,1661508198.0,0.6484299999999994
2022-08-26 10:03:30.500,2.531082,4.0,0.39025653959710027,0.523641,,,1661508213.25,
2022-08-26 10:03:34.875,2.5573525,1.625,0.3227739434516579,0.20824149999999975,1.125,2.5,1661508216.0,0.5206037499999994
2022-08-26 10:03:38.375,2.853376,1.75,0.45165178290763563,0.33254550000000016,1.0,2.375,1661508219.375,0.7897955625000004
2022-08-26 10:03:52.750,2.304259,1.75,0.07175721534542845,0.044852000000000114,0.5,2.0,1661508233.25,0.08970400000000023
2022-08-26 10:04:05.875,2.2760665,2.0,0.15766219362678058,0.1422450000000004,,,1661508247.5,
2022-08-26 10:04:21.625,2.3273260000000002,1.625,0.10843174008279988,0.0627930000000001,0.125,1.375,1661508261.75,0.08634037500000014
2022-08-26 10:04:24.125,2.3362965,1.5,0.1182253801763764,0.06663700000000006,0.375,1.5,1661508264.5,0.09995550000000009
2022-08-26 10:04:30.500,2.4144669999999997,2.0,0.14704320382622527,0.10892599999999986,0.75,2.0,1661508271.25,0.2178519999999997
2022-08-26 10:05:37.750,1.831877,2.625,0.01258565667291478,0.03716300000000006,0.625,2.75,1661508338.375,0.10219825000000016
2022-08-26 10:05:45.625,1.840207,1.875,0.044318265578288774,0.04036699999999982,0.5,2.25,1661508346.125,0.0908257499999996
2022-08-26 10:18:37.250,0.341142,1.75,0.47281008468796815,0.176845,,,1661509118.75,
2022-08-26 10:18:56.250,0.802477,3.5,0.027849901672447608,0.23707499999999992,,,1661509137.0,
2022-08-26 10:19:05.000,0.862707,1.75,0.048008288171858204,0.03588199999999997,,,1661509147.375,
2022-08-26 10:19:10.500,0.963944,3.125,0.025152569818004622,0.09418950000000015,,,1661509152.5,
2022-08-26 10:19:44.750,1.595884,3.375,0.5106524584671206,0.6639085,,,1661509186.0,
2022-08-26 10:19:51.375,1.4702985,1.75,0.061040453624977786,0.03395900000000007,0.625,1.75,1661509192.0,0.05942825000000013
2022-08-26 10:20:11.500,1.556158,2.375,0.19978147794132362,0.26654849999999985,,,1661509212.25,
2022-08-26 10:20:44.125,2.3651299999999997,1.5,0.12586027622229778,0.05702599999999958,1.0,2.375,1661509245.125,0.135436749999999
2022-08-26 10:20:47.625,2.9755445,1.625,1.0185525566955533,0.6430924999999998,1.0,2.125,1661509248.625,1.3665715624999997
2022-08-26 10:21:01.125,1.8632735,1.0,0.10234791179941816,0.030755500000000158,0.25,1.125,1661509261.375,0.03459993750000018
2022-08-26 10:21:32.625,1.8970335,1.25,0.2143433848691476,0.10059700000000005,2.625,3.625,1661509295.25,0.36466412500000017
